{
  "model": "yolov8n.pt",
  "dataset": "BSTLD one-class test split",
  "confidence_threshold": 0.25,
  "iou_match_threshold": 0.5,
  "imgsz": 1280,
  "num_test_images": 765,
  "images_with_gt": 484,
  "images_with_pred": 406,
  "images_with_match": 323,
  "tp": 748,
  "fp": 736,
  "fn": 895,
  "precision": 0.5040431266846361,
  "recall": 0.45526475958612295,
  "f1": 0.4784138151582986
}